[{
  "description": "Deeply nested dict",
  "given":
  {"j49": {"j48": {"j47": {"j46": {"j45": {"j44": {"j43": {"j42": {"j41": {"j40": {"j39": {"j38": {"j37": {"j36": {"j35": {"j34": {"j33": {"j32": {"j31": {"j30": {"j29": {"j28": {"j27": {"j26": {"j25": {"j24": {"j23": {"j22": {"j21": {"j20": {"j19": {"j18": {"j17": {"j16": {"j15": {"j14": {"j13": {"j12": {"j11": {"j10": {"j9": {"j8": {"j7": {"j6": {"j5": {"j4": {"j3": {"j2": {"j1": {"j0": {}}}}}}}}}}}}}}}}}}}}}}}}}}}}}}}}}}}}}}}}}}}}}}}}}}},
  "cases": [
    {
      "name": "deep_nesting_10",
      "expression": "j49.j48.j47.j46.j45.j44.j43.j42.j41.j40",
      "result": []
    },
    {
      "name": "deep_nesting_50",
      "expression": "j49.j48.j47.j46.j45.j44.j43.j42.j41.j40.j39.j38.j37.j36.j35.j34.j33.j32.j31.j30.j29.j28.j27.j26.j25.j24.j23.j22.j21.j20.j19.j18.j17.j16.j15.j14.j13.j12.j11.j10.j9.j8.j7.j6.j5.j4.j3.j2.j1.j0",
      "result": []
    },
    {
      "name": "deep_nesting_50_pipe",
      "expression": "j49|j48|j47|j46|j45|j44|j43|j42|j41|j40|j39|j38|j37|j36|j35|j34|j33|j32|j31|j30|j29|j28|j27|j26|j25|j24|j23|j22|j21|j20|j19|j18|j17|j16|j15|j14|j13|j12|j11|j10|j9|j8|j7|j6|j5|j4|j3|j2|j1|j0",
      "result": {}
    },
    {
      "name": "deep_nesting_50_index",
      "expression": "[49][48][47][46][45][44][43][42][41][40][39][38][37][36][35][34][33][32][31][30][29][28][27][26][25][24][23][22][21][20][19][18][17][16][15][14][13][12][11][10][9][8][7][6][5][4][3][2][1][0]",
      "result": {}
    }
  ]
}]
